"2016/07/24 12:27:27 AM AST","Come Closer","https://soundcloud.com/klymvx/come-closer"
"2016/07/24 12:28:31 AM AST","DEAMN - Praise","https://soundcloud.com/deamnmusic/deamn-praise"
"2016/07/24 12:28:50 AM AST","Cash Cash Ft. Sofia Reyes - How To Love (YASDI REMAKE) *FREE DOWNLOAD*","https://soundcloud.com/djyasdi/cash-cash-ft-sofia-reyes-how-to-love-yasdi-remake-free-download"
"2016/07/24 12:28:57 AM AST","Jocelyn Alice - Jackpot (The Him Radio Edit)","https://soundcloud.com/gabe-ceribelli/jocelyn-alice-jackpot-the-him-radio-edit"
"2016/07/24 12:28:59 AM AST","Mike Posner x Grace Grundy - I Took A Pill In Ibiza  // Jebase Remix","https://soundcloud.com/jebasemusic/mike-posner-x-grace-grundy-i-took-a-pill-in-ibiza-jebase-remix"
"2016/07/24 12:29:12 AM AST","Girls Who Save The World (Alesso Feat. Adele, Britney, SHM, Dragonette, Nadia)","https://soundcloud.com/3lau/girls-who-save-the-world"
"2016/07/24 12:29:30 AM AST","Basé - My Thing (Original Mix)","https://soundcloud.com/baseemusic/base-my-thing"
"2016/07/24 12:29:48 AM AST","Sonnengruss ft. Matt Kovac - Day & Night (plusminuseins Edit) // Free Download","https://soundcloud.com/sonnengruss/sonnengruss-ft-matt-kovac-day-night-plusminuseins-edit"
"2016/07/24 12:29:53 AM AST","The Chainsmokers - Until You Were Gone (Boehm Remix)","https://soundcloud.com/user-998766543-876038735/iaeeuvvupbf3"
"2016/07/24 12:29:53 AM AST","Nightcore → Until You Were Gone","https://soundcloud.com/syrex-nightcore/syrex-nightcore-until-you-were-gone"
"2016/07/24 12:29:55 AM AST","Tiesto, Ummet Ozcan feat. Matthew Koma - Wasted (Jacob Soul Bootleg)","https://soundcloud.com/jacobsoulmusic/tiesto-ummet-ozcan-feat"
"2016/07/24 12:30:02 AM AST","Sigala — Easy Love (Magicant Bootleg) [Buy = Free DL]","https://soundcloud.com/magicant-bootlegs/sigala-easy-love-magicant-bootleg"
"2016/07/24 12:30:05 AM AST","James Bay - Need The Sun To Break (Jebase Remix)","https://soundcloud.com/jebasemusic/james-bay-need-the-sun-to-break-jebase-remix"
"2016/07/24 12:30:17 AM AST","LANY - Walk Away (Hansolo Remix)","https://soundcloud.com/hansolo_music/lany-walk-away-hansolo-remix"
"2016/07/24 12:30:24 AM AST","Sonnengruss ft. Matt Kovac - Day & Night (Deep Chills Remix)","https://soundcloud.com/deep-chills/dayandnight"
"2016/07/24 12:30:33 AM AST","Ellie Goulding - Lights (GAMPER & DADONI Remix)","https://soundcloud.com/gamperdadoni/ellie-goulding-lights-gamper-dadoni-remix"
"2016/07/24 12:30:34 AM AST","ARIZONA - Where I Wanna Be (GAMPER & DADONI Remix)","https://soundcloud.com/gamperdadoni/arizona-where-i-wanna-be-gamper-dadoni-remix"
"2016/07/24 12:31:02 AM AST","DJ Assad & Greg Parys - We Are One (Deep Chill Version)","https://soundcloud.com/palmtreerepublic/dj-assad-greg-parys-we-are-one-deep-chill-version-1"
"2016/07/24 12:31:03 AM AST","Jack Ü - Where Are Ü Now ft. Justin Bieber (Evix Remix)","https://soundcloud.com/palmtreerepublic/jack-u-where-are-u-now-ft-justin-bieber-evix-remix-1"
"2016/07/24 12:31:07 AM AST","James Bay - Let It Go (Boehm Remix)","https://soundcloud.com/boehmofficial/james-bay-let-it-go-boehm-remix"
"2016/07/24 12:31:14 AM AST","Cheb Khaled -Aisha (Anke  Remix) BUY = FREE DL","https://soundcloud.com/musicanke/aisha-anke-remix-1"
"2016/07/24 12:31:16 AM AST","One Republic - Apologyze (Mike Wit Remix)","https://soundcloud.com/pyktaspomidoras/one-republic-apologyze-mike-wit-remix"
"2016/07/24 12:31:33 AM AST","Sam Smith - Stay With Me - (Nelsaan Chillout Remix)","https://soundcloud.com/nelsaan/stay-with-me-nelsaan-remix"
"2016/07/24 12:31:37 AM AST","Jason Derulo - In My Head (Henry Land Remix)","https://soundcloud.com/henry-land/jason-derulo-in-my-head-henry-land-remix"
"2016/07/24 12:31:45 AM AST","Alex Paul - LEX IN DEEP #9","https://soundcloud.com/alex_paul/alex-paul-lex-in-deep-9"
"2016/07/24 12:31:48 AM AST","Wolfgang & Aksel - Empires Two","https://soundcloud.com/wolfgangandaksel/empires-two"
"2016/07/24 12:32:08 AM AST","Cella - Paradise (Original Mix)","https://soundcloud.com/itscella/cella-paradise-original-mix"
"2016/07/24 12:32:11 AM AST","Kylie La Grange - The Knife (F. Delaunay Remix)","https://soundcloud.com/fdelaunay/kylie-la-grange-the-knife-f-delaunay-remix"
"2016/07/24 12:32:28 AM AST","Lana Del Rey - Summertime Sadness (MKJ Remix)","https://soundcloud.com/kewkewmusic/lana-del-rey-summertime-sadness-mkj-remix"
"2016/07/24 12:32:39 AM AST","Endless Summer","https://soundcloud.com/gnumadayo/endless-summer-1"
"2016/07/24 12:32:43 AM AST","Kaskade feat. Ilsey- Disarm You (Ruca Remix)","https://soundcloud.com/rucaofficial/kaskade-disarm-you-ruca-remix"
"2016/07/24 12:32:46 AM AST","50 Cent - In Da Club (Edeema Remix)","https://soundcloud.com/edeema/50-cent-in-da-club-edeema-remix"
"2016/07/24 12:32:46 AM AST","Tove Lo - Habits (Stay High) (Edeema Remix)","https://soundcloud.com/edeema/tove-lo-habits-stay-high-edeema-remix-1"
"2016/07/24 12:32:48 AM AST","Young Money Feat. Lloyd - Bedrock (Edeema Remix)","https://soundcloud.com/edeema/young-money-feat-lloyd-bedrock-edeema-remix-1"
"2016/07/24 12:32:51 AM AST","Fantasy (Felix Jaehn Remix)","https://soundcloud.com/zigfridas-braziulis/fantasy-felix-jaehn-remix"
"2016/07/24 12:33:04 AM AST","Benjamin Francis Leftwich - Shine (Kygo Remix)","https://soundcloud.com/kygo/shineremix"
"2016/07/24 12:33:05 AM AST","Rihanna ft. Mikky Ekko - Stay (Kygo Edit)","https://soundcloud.com/kygo/rihanna-ft-mikky-ekko-stay"
"2016/07/24 12:33:13 AM AST","Journey - Don't Stop Believin' (Ludomir Remix)","https://soundcloud.com/ludomir/journey-dont-stop-believin-ludomir-remix"
"2016/07/24 12:33:15 AM AST","Love Story (bryantruong Remix)","https://soundcloud.com/bryantruong/love-story-bryantruong-remix"
"2016/07/24 12:33:17 AM AST","Axwanging Ft. Daggers - A Second Life (Steen Remix) OUT NOW !!!","https://soundcloud.com/sickbedroomrecords-stores/axwanging-ft-daggers-a-second-life-steen-remix-out-now"
"2016/07/24 12:33:17 AM AST","EDMRocket.com","https://soundcloud.com/edmrocketcom"
"2016/07/24 12:33:19 AM AST","Reydes","https://soundcloud.com/rey-official-1"
"2016/07/24 12:33:22 AM AST","Romans - Uh Huh (Druman remix)","https://soundcloud.com/drumantum/romans-uh-huh-druman-remix"
"2016/07/24 12:33:27 AM AST","Pompeii - Bastille (Audien Remix)","https://soundcloud.com/edm-heaven/pompeii-bastille-audien-remix"
"2016/07/24 12:33:32 AM AST","Nicki Minaj Feat. Skylar Grey - Bed Of Lies (Marc May Remix)","https://soundcloud.com/marc_may/nicki-minaj-feat-skylar-grey-bed-of-lies-marc-may-remix"
"2016/07/24 12:33:35 AM AST","Penthox - Give It Away @EastFM Novation","https://soundcloud.com/penthoxofficial/penthox-give-it-away-eastfm-novation-aux-london-premiere"
"2016/07/24 12:33:38 AM AST","The Chainsmokers ft. ROZES - Roses (Two Friends Remix)","https://soundcloud.com/twofriendsvip/rosesremix"
"2016/07/24 12:33:40 AM AST","Justin Bieber X Tanner Patrick - Sorry (Dsouzabeatz Remix) [Free Download]","https://soundcloud.com/dsouzabeatz/justin-bieber-x-tanner-patrick-sorry-dsouza-beatz-remix"
"2016/07/24 12:33:41 AM AST","Ariana Grande - One Last Time (Marc May & Hartzon Remix)","https://soundcloud.com/marc_may/ariana-grande-one-last-time-marc-may-hartzon-remix"
"2016/07/24 12:33:45 AM AST","Disclosure - Latch Feat. Sam Smith (Henry Land Remix)","https://soundcloud.com/henry-land/disclosure-latch-feat-sam-smith-henry-land-remix"
"2016/07/24 12:33:46 AM AST","Jennifer Hudson Feat. R. Kelly - It's Your World (Henry Land Remix)","https://soundcloud.com/henry-land/jennifer-hudson-feat-r-kelly-its-your-world-henry-land-remix"
"2016/07/24 12:33:47 AM AST","Goldroom - Embrace (Henry Land Remix)","https://soundcloud.com/henry-land/goldroom-embrace-henry-land-remix"
"2016/07/24 12:33:47 AM AST","2Pac - Thugz Mansion Ft. Nas, J. Phoenix (Henry Land Remix)","https://soundcloud.com/henry-land/2pac-thugz-mansion-ft-nas-j-phoenix-henry-land-remix"
"2016/07/24 12:33:48 AM AST","Ariana Grande - One Last Time (Henry Land Remix)","https://soundcloud.com/henry-land/ariana-grande-one-last-time-henry-land-remix"
"2016/07/24 12:33:49 AM AST","Henry Land - Without Zach Feat. Eminem, Zach Efron, Jimmy Fallon & Kygo","https://soundcloud.com/henry-land/withoutzach"
"2016/07/24 12:33:54 AM AST","2Pac - Starin' Through My Rearview (Herman's Tropical Remix)","https://soundcloud.com/hermaneide/2pac-starin-through-my-rearview-herman-eides-tropical-remix1"
"2016/07/24 12:33:54 AM AST","Sigma - Nobody To Love (Isle Blanc Remix) [FREE DOWNLOAD PRESS ""BUY""]","https://soundcloud.com/isleblancofficial/sigma-nobody-to-love"
"2016/07/24 12:33:55 AM AST","Taylor Swift - 22 (Bergs Remix)","https://soundcloud.com/griff-epping/taylor-swift-22-bergs-remix"
"2016/07/24 12:33:58 AM AST","Flowers In Your Hair - The Lumineers - Rob Bellamy Cover (Wylen Remix)","https://soundcloud.com/wylen-1/flowers-in-your-hair-the-lumineers-rob-bellamy-cover-wylen-remix-1"
"2016/07/24 12:33:59 AM AST","Zedd - Find You (Kuya Remix)","https://soundcloud.com/realkuya/zedd-find-you-kuya-remix"
"2016/07/24 12:34:01 AM AST","Eminem - Without Slim Shady (Marc May Remix)","https://soundcloud.com/marc_may/eminem-without-slim-shady-marc-may-remix"
"2016/07/24 12:34:04 AM AST","Pitbull feat. Ne-Yo  -  Time Of Our Lives    (Bobby Brush 'Midnight Hearts' Remix)","https://soundcloud.com/bobbybrush/timeofourlives"
"2016/07/24 12:34:04 AM AST","Jason Derulo - Marry Me (Edeema Remix)","https://soundcloud.com/edeema/jason-derulo-marry-me-edeema-remix"
"2016/07/24 12:34:13 AM AST","B.o.B. & Bruno Mars- Nothin' On You (N2N's Chillout Remix)","https://soundcloud.com/n2nmusic/nothin-on-you-n2n-remix"
"2016/07/24 12:34:14 AM AST","Still D.R.E. - Dr. Dre (DevinShorey Remix)","https://soundcloud.com/devinshorey/still-dre-dr-dre-devinshorey-remix"
"2016/07/24 12:34:17 AM AST","Bone Thugs & Harmony ft. Akon - I Tried (LosGarcia Tropical Remix)","https://soundcloud.com/losgarcia_official/bone-thugs-harmony-ft-akon-i-tried-losgarcia-tropical-remix"
"2016/07/24 12:34:26 AM AST","Will Smith - The Fresh Prince of Bel-Air (Basé Remix)","https://soundcloud.com/baseemusic/fresh-prince-of-bel-air-base-remix"
"2016/07/24 12:34:27 AM AST","""Firestone"" - Kygo Feat. Conrad (NOTES Remix)","https://soundcloud.com/djnotes1/firestone-kygo-notes-remix"
"2016/07/24 12:34:31 AM AST","Madilyn Bailey - Stay With Me (Upheim Remix)","https://soundcloud.com/upheim/madilyn-bailey-stay-with-me-upheim-remix-1"
"2016/07/24 12:34:38 AM AST","The Notorious B.I.G - Everyday Struggle (Westvik Remix)[FREE DOWNLOAD]","https://soundcloud.com/marcus-westvik/the-notorious-big-everyday-struggle-westvik-remix"
"2016/07/24 12:34:40 AM AST","Ice Cube & DMX - We Be Clubbin' (Boehm Remix)","https://soundcloud.com/ldnx/ice-cube-dmx-we-be-clubbin-boehm-remix-1"
"2016/07/24 12:34:40 AM AST","The Notorious B.I.G Juicy (Julian kristiansen Tropical Remix)","https://soundcloud.com/julian-kristiansen/the-notorious-big-juicy-julian-kristiansen-tropical-remix"
"2016/07/24 12:34:43 AM AST","DFLV - All The Time (ft. Blest Jones)","https://soundcloud.com/dflv/dflv-all-the-time-ft-blest-jones-1"
"2016/07/24 12:34:47 AM AST","Kings Of Tomorrow Ft. Julie McKnight - Finally (Sinco Remix)","https://soundcloud.com/bare-chill/kings-of-tomorrow-ft-julie-mcknight-finally-sinco-remix"
"2016/07/24 12:34:50 AM AST","Empire Of The Sun - Walking On A Dream (Enrico Ludwick Remix)","https://soundcloud.com/bare-chill/empire-of-the-sun"
"2016/07/24 12:34:51 AM AST","3lau Ft. Bright Lights - How You Love Me (James Carter Remix)","https://soundcloud.com/jamescarteruk/how-you-love-me-remix"
"2016/07/24 12:34:53 AM AST","Rihanna, Kanye West & Paul McCartney - FourFiveSeconds (Viga Remix)","https://soundcloud.com/v-i-g-a/rihanna-kanye-west-paul-mccartney-fourfiveseconds-viga-remix"
"2016/07/24 12:34:55 AM AST","Mitchell Brunings - Redemption Song ( Levi & Ivless Remix) FREE DOWNLOAD","https://soundcloud.com/itsleviofficial/mitchell-brunings-redemption-song-levi-ivless-remix-free-download"
"2016/07/24 12:34:57 AM AST","Borgeous & Shaun Frank ft. Delaney Jane - This Could Be Love(Hella Chill Remix)","https://soundcloud.com/hella_norway/this-could-be-love-hella"
"2016/07/24 12:35:05 AM AST","Calvin Harris & Disciples - How Deep Is Your Love (Sailors Remix)","https://soundcloud.com/sailorsofficial/how-deep-is-your-love-sailors"
"2016/07/24 12:35:06 AM AST","Kygo - Nothing Left (The Golden Pony Remix)","https://soundcloud.com/thegoldenpony/kygo-nothing-left-the-golden-pony-remix"
"2016/07/24 12:35:08 AM AST","Tipsy Session 3 - The Vibe Guide (Alex Brandt)","https://soundcloud.com/tipsytortoise/thevibeguide"
"2016/07/24 12:35:10 AM AST","Gold Digger (AA 'Coming Over' Bootleg)","https://soundcloud.com/youknowwhatsgood/gold-digger-aa-coming-over-bootleg"
"2016/07/24 12:35:13 AM AST","Thomas Jack - Rivers (RECØ Remix)","https://soundcloud.com/itsreco/rivers"
"2016/07/24 12:35:19 AM AST","Constantine - What It Gon' Be (Ammi Remix)","https://soundcloud.com/amund_midtskog/constantine-what-it-gon-be-amun-remix"
"2016/07/24 12:35:25 AM AST","OneRepublic - Stop And Stare (Viga Remix)","https://soundcloud.com/v-i-g-a/onerepublic-stop-and-stare-viga-remix"
"2016/07/24 12:35:26 AM AST","Tritonal & Cash Cash - Untouchable (Mezeh Remix)","https://soundcloud.com/mezeh/tritonal-cash-cash-untouchable"
"2016/07/24 12:35:28 AM AST","[Exclusive] The Notorious B.I.G - Big Poppa (Spectra Remix)","https://soundcloud.com/thecloudntwrk/the-notorious-big-big-poppa-spectra-remix"
"2016/07/24 12:35:29 AM AST","Back 2 All (Drake X Manila Killa)","https://soundcloud.com/avstinjames/back_2_all"
"2016/07/24 12:35:38 AM AST","The Dancing Pineapple","https://soundcloud.com/thedancingpineapple"
"2016/07/24 12:35:40 AM AST","Nico & Vinz - That's How You Know (Paxel Remix)","https://soundcloud.com/thedancingpineapple/nico-vinz-thats-how-you-know-paxel-remix"
"2016/07/24 12:35:43 AM AST","Maroon 5 - This Love (LosGarcia ""Tropical Club"" Remix)","https://soundcloud.com/losgarcia_official/maroon-5-this-love-los-garcia-tropical-club-remix"
"2016/07/24 12:35:53 AM AST","The Notorious B.i.G - Juicy (Juicy Vibe Remix)","https://soundcloud.com/j-s-266478464/the-notorious-big-juicy-js-tropical-remix"
"2016/07/24 12:35:56 AM AST","Jason Derulo - Whatcha Say (Gaks Remix)","https://soundcloud.com/gaksmusic/jason-derulo-whatcha-say-gaks-remix"
"2016/07/24 12:35:58 AM AST","Kygo Feat. Will Heard - Nothing Left (Roial Remix)","https://soundcloud.com/robroial/kygo-feat-will-heard-nothing-left-roial-remix"
"2016/07/24 12:36:00 AM AST","Mike Posner - Not That Simple(Mares Remix)","https://soundcloud.com/onlyfeels-2/mike-posner-not-that-simplemares-remix"
"2016/07/24 12:36:01 AM AST","The Chainsmokers - Let You Go (Hibell Remix)","https://soundcloud.com/rmxdd/the-chainsmokers-let-you-go-hibell-remix"
"2016/07/24 12:36:02 AM AST","Jasmine Thompson - Riptide (Penthox Remix)","https://soundcloud.com/auxlondon/jasmine-thompson-riptide-penthox-remix"
"2016/07/24 12:36:03 AM AST","Alesso ft. Roy English - Cool (Nomero Remix)","https://soundcloud.com/thefallingapple/alesso-ft-roy-english-cool-nomero-remix"
"2016/07/24 12:36:05 AM AST","Jason Mraz - I'm Yours (Edeema Remix)","https://soundcloud.com/edeema/jason-mraz-im-yours-edeema-remix"
"2016/07/24 12:36:06 AM AST","Vicetone Feat. Kat Nestel - Nothing Stopping Me (DFLV Remix)","https://soundcloud.com/dflv/vicetone-feat-kat-nestel-nothing-stopping-me-dflv-remix"
"2016/07/24 12:36:10 AM AST","ConKi X Tech Me House | Summer Mixtape","https://soundcloud.com/tech-me-house/conki-x-tech-me-house-summer-mixtape"
"2016/07/24 12:36:11 AM AST","Carolina Pines Vol. 3 [Tropical House Mixtape]","https://soundcloud.com/7even40rty/carolina-pines-vol-3"
"2016/07/24 12:36:12 AM AST","#Beachmixtape 4","https://soundcloud.com/sndrgrd/beachmixtape-4"
"2016/07/24 12:36:15 AM AST","Snap! - Rhythm Is A Dancer (Sterkøl & Stoned Bears Remix) (Cover By Resaid)","https://soundcloud.com/sterk-l/snap-rhythm-is-a-dancer-sterkol-stoned-bears-remix"
"2016/07/24 12:36:17 AM AST","Mree - Of The Trees (FlyBoy Remix)","https://soundcloud.com/tr0picalh0use/mree-of-the-trees-flyboy-remix"
"2016/07/24 12:36:22 AM AST","Kanye West - Touch The Sky (Carl Dern Remix)","https://soundcloud.com/carldern/kanye-west-touch-the-sky-carl-dern-remix"
"2016/07/24 12:36:26 AM AST","3LAU - How You Love Me (CS Private Edit)","https://soundcloud.com/christianschultz/3lau-how-you-love-me-cs-private-edit"
"2016/07/24 12:36:27 AM AST","Calvin Harris - Outside feat. Ellie Goulding (Hambleton Remix) [FREE DOWNLOAD]","https://soundcloud.com/hambletonmusic/outside-feat-ellie-goulding-hambleton-remix-calvin-harris-free-download"
"2016/07/24 12:36:30 AM AST","Alesso - Sweet Escape Ft. Sirena (dyrigent Summer Remix)","https://soundcloud.com/tracksfordays/alesso-sweet-escape-ft-sirena-dyrigent-summer-remix"
"2016/07/24 12:36:32 AM AST","Imagine Dragons - It's Time (Roial Remix)","https://soundcloud.com/robroial/imagine-dragons-its-time-roial-remix"
"2016/07/24 12:36:33 AM AST","Fun. - Some Nights (Bobby Brush Remix)","https://soundcloud.com/bobbybrush/somenights"
"2016/07/24 12:36:33 AM AST","Kaarl Ft. Mathilde Hoslet - Cool Kids [Exclusive Premiere][100k Followers Gift]","https://soundcloud.com/melodic-sounds/kaarl-ft-mathilde-hoslet-cool-kids"
"2016/07/24 12:36:34 AM AST","Tipsy Session 2 - Chill Nation","https://soundcloud.com/tipsytortoise/chillnation"
"2016/07/24 12:36:35 AM AST","Terror Squad Ft. Fat Joe & Remy - Lean Back (LosGarcia Remix) TEASER","https://soundcloud.com/losgarcia_official/terror-squad-ft-fat-joe-remy-lean-back-losgarcia-remix-teaser"
"2016/07/24 12:36:38 AM AST","Sheppard - Geronimo (Matoma Remix)","https://soundcloud.com/matoma-official/sheppard-geronimo-matoma-remix"
"2016/07/24 12:36:40 AM AST","Black Eyed Peas - Where Is The Love   (AxelVV Tropical Remix)","https://soundcloud.com/axelvvmix/where-is-the-love-axelvv-tropical-remix"
"2016/07/24 12:36:40 AM AST","Eminem - The Real Slim Shady (Lozo Remix)","https://soundcloud.com/lozomusic/eminem-the-real-slim-shady-lozo-remix"
"2016/07/24 12:36:41 AM AST","16. Breakeven (LosGarcia Tropical Remix)","https://soundcloud.com/mika-limcaoco/16-breakeven-losgarcia"
"2016/07/24 12:36:42 AM AST","Luke Shay - Up And Away Ft. Jeremy William (Henry Land Remix)","https://soundcloud.com/henry-land/luke-shay-up-away-henry-land-remixmp3"
"2016/07/24 12:36:43 AM AST","See You Again Ft. Charlie Puth (Henry Land Remix)","https://soundcloud.com/henry-land/see-you-again"
"2016/07/24 12:36:45 AM AST","FourFiveSeconds (Le P Remix) - Rihanna, Kanye West, Paul McCartney","https://soundcloud.com/lepmusicmaking/fourfiveseconds-le-p-remix-rihanna-kanye-west-paul-mccartney-1"
"2016/07/24 12:36:46 AM AST","2Pac - Hold On Be Strong (Woodrick Remix)","https://soundcloud.com/woodrickmusic/2pac-hold-on-be-strong"
"2016/07/24 12:36:47 AM AST","Tracks Selection Of Matoma In Mix","https://soundcloud.com/nathanonymus/tracks-selection-of-matoma-in-mix"
"2016/07/24 12:36:48 AM AST","Norwegian Jet Life // Matoma vs. Viceroy","https://soundcloud.com/kikesmusic/norwegian-jet-life-matoma-vs-viceroy"
"2016/07/24 12:36:48 AM AST","Bedroom Mix #1 | Tropical House |","https://soundcloud.com/ethanmoore17/bedroom-mix-1-tropical-house"
"2016/07/24 12:36:49 AM AST","Nelly Ft. Ashanti & Akon  - Body On Me (Edeema Remix)","https://soundcloud.com/edeema/nelly-ft-ashanti-akon-body-on-me-edeema-remix"
"2016/07/24 12:36:50 AM AST","One Last Summer","https://soundcloud.com/djayjohan/one-last-summer"
"2016/07/24 12:36:51 AM AST","Thughearted (Tupac X Deep Chills)","https://soundcloud.com/avstinjames/thughearted-tupac-x-deep-chills"
"2016/07/24 12:36:53 AM AST","The Chainsmokers - Let You Go (Adam Herrin Remix)","https://soundcloud.com/adam-herrin/let-you-go-adam-herrin-remix"
"2016/07/24 12:36:53 AM AST","Charlie Puth - See You Again (Franz Alexander Tropical Remix)[Free Download]","https://soundcloud.com/franzalexander/charlie-puth-see-you-again-franz-alexander-tropical-remix"
"2016/07/24 12:36:55 AM AST","Because Of Our Love / Atlas (Coldplay Avicii Remix) [Penthox Remake]","https://soundcloud.com/penthox/aviciiatlas"
"2016/07/24 12:36:56 AM AST","Zhu - Faded (Dreyer Remix)","https://soundcloud.com/dreyerofficial/zhu-faded-dreyer-remix"
"2016/07/24 12:36:58 AM AST","Goosebumps","https://soundcloud.com/smajlingswedes/goosebumps"
"2016/07/24 12:37:03 AM AST","Deep In The Tropics Chap. 4 X TropiKult Showcase","https://soundcloud.com/tropikult/deepinthetropicschap4"
"2016/07/24 12:37:05 AM AST","Sam Burchfield - Here Tonight ('Panski Remix)","https://soundcloud.com/panskimusic/sam-burchfield-here-tonight-panski-remix"
"2016/07/24 12:37:06 AM AST","Aux Radio Volume 007 - Guestmix: Soco","https://soundcloud.com/auxlondon/aux-radio-volume-007-guestmix-soco"
"2016/07/24 12:37:07 AM AST","Viceroy - Back At The Start (Djeki & Fotche Remix) Ft. K. Flay","https://soundcloud.com/djekib/viceroy-djeki-fotche"
"2016/07/24 12:37:08 AM AST","Diplo - Revolution (llokee remix)","https://soundcloud.com/llokee/diplo-revolution-llokee-remix"
"2016/07/24 12:37:08 AM AST","Uptown Funk (Shaparder & LRX Remix) (cover)","https://soundcloud.com/shaparderlrx/uptown-funk-shaparder-lrx-remix-cover"
"2016/07/24 12:37:09 AM AST","The Jackson 5 - I Want You Back (Shaparder & LRX Remix)","https://soundcloud.com/shaparderlrx/the-jackson-5-i-want-you-back-shaparder-lrx-remix"
"2016/07/24 12:37:10 AM AST","Shaparder & LRX","https://soundcloud.com/shaparderlrx"
"2016/07/24 12:37:11 AM AST","Ed Sheeran - The a Team (Mandeh Remix)","https://soundcloud.com/mandehh/ed-sheeran-the-a-team-mandeh-remix"
"2016/07/24 12:37:15 AM AST","Tropic Tape N°12 |  Sunny Isles by Bergs","https://soundcloud.com/latropical/tropic-tape-n12-sunny-isles-by-bergs"
"2016/07/24 12:37:15 AM AST","Melodic Deep/Tropical House Mixtape Ep.4","https://soundcloud.com/misoli/melodic-deeptropical-house-mixtape-ep4-by-miso"
"2016/07/24 12:37:16 AM AST","Aux Radio Volume 008 - Guestmix: Kids Want Techno","https://soundcloud.com/auxlondon/aux-radio-volume-008-guestmix-kids-want-techno"
"2016/07/24 12:37:17 AM AST","Sweet & Sunny - Vol. 7 | Bobby Brush","https://soundcloud.com/thedancingpineapple/sweet-sunny-vol-7-bobby-brush-exclusive-mix-1"
"2016/07/24 12:37:18 AM AST","Hawaiian Shirts & Pineapples Vol. 4","https://soundcloud.com/tropicaljon/hawaiian-shirts-pineapples-vol-4"
"2016/07/24 12:37:20 AM AST","Mark Mendes & Revnie - Take Control (Tonny's Remix)","https://soundcloud.com/official-unleashed/mark-mendes-revnie-take-control-tonny-remix"
"2016/07/24 12:37:23 AM AST","Tropical Rain(Out now on Spotify, iTunes, Beatport    )","https://soundcloud.com/peterposession/peter-posession-tropical-rain"
"2016/07/24 12:37:24 AM AST","Austin Basham - All Is Well (Glastrophobie Remix)","https://soundcloud.com/glastrophobie/all-is-well"
"2016/07/24 12:37:27 AM AST","Blank Space (Djeki & Fotche Bootleg)","https://soundcloud.com/djekib/tswift-blankspace-djeki-fotche"
"2016/07/24 12:37:27 AM AST","DeepTropicalHouse Mixtape By BISY Guesting Mark Chill","https://soundcloud.com/deeptropicalhouse/deeptropicalhouse-mixtape-by-bisy-guesting-mark-chill"
"2016/07/24 12:37:31 AM AST","This Could Be Love | Kids Want Techno Remix","https://soundcloud.com/latropical/this-could-be-love-kids-want-techno-remix"
"2016/07/24 12:37:32 AM AST","Sigma - Nobody To Love (LEEX Bootleg)","https://soundcloud.com/leex-music/sigma-nobody-to-love-leex-bootleg"
"2016/07/24 12:37:33 AM AST","Ed Sheeran - Thinking Out Loud (Marc May Remix)","https://soundcloud.com/marc_may/ed-sheeran-thinking-out-loud-marc-may-remix"
"2016/07/24 12:37:34 AM AST","ODESZA - Say My Name (Cold Magnet Remix)","https://soundcloud.com/octored/odesza-say-my-name-cold-magnet-remix"
"2016/07/24 12:37:38 AM AST","Ellie Goulding - Love Me Like You Do (F. Delaunay Tropical Edit)","https://soundcloud.com/fdelaunay/ellie-goulding-love-me-like-you-do-f-delaunay-tropical-edit"
"2016/07/24 12:37:39 AM AST","Sterling Fox - Ghost (Mikah Remix) 'Tropical House'","https://soundcloud.com/chillandtropical/sterling-fox-ghost-mikah-remix-tropical-house"
"2016/07/24 12:37:40 AM AST","SMAJL - Goosebumps (Original Mix)","https://soundcloud.com/chillandtropical/smajl-goosebumps-original-mix"
"2016/07/24 12:37:40 AM AST","Destiny - Time (Ludomir Remix)","https://soundcloud.com/unsignededmrepost/destiny-time-ludomir-remix"
"2016/07/24 12:37:43 AM AST","Kap Slap Ft. Angelika Vee  - Let It All Out (Invece's Tropical Remix)","https://soundcloud.com/invecemusic/kap-slap-ft-angelika-vee-let-it-all-out-inveces-tropical-remix"
"2016/07/24 12:37:43 AM AST","FourFiveSeconds(Herman's Tropical Remix) - Rihanna X Kanye West X Paul McCartney","https://soundcloud.com/hermaneide/fourfivesecondsherman-eides-tropical-remix-rihanna-x-kanye-west-x-paul-mccartney2"
"2016/07/24 12:37:44 AM AST","2Pac - How Do You Want It (Otter Berry Tropical Remix)","https://soundcloud.com/otterberry/2pac-howdoyouwantit-tropicalremix"
"2016/07/24 12:37:48 AM AST","Ed Sheeran - I See Fire (KØNE Edit  x Jona Selle Cover)","https://soundcloud.com/iamkonemusic/jona-selle-i-see-fire-kone-tropical-remix-edsheeran-cover"
"2016/07/24 12:37:50 AM AST","Moi Je - Fais Rien (Shaparder & LRX Remix)","https://soundcloud.com/shaparderlrx/fais-rien-shaparder-lrx-remix"
"2016/07/24 12:37:52 AM AST","Jakwob - Blinding (Dusta. Remix)","https://soundcloud.com/dustamusic/jakwob-blinding-dusta-remix-final-master"
"2016/07/24 12:37:54 AM AST","Alessandro Mazzola - Orange Juice (Baye: 014)","https://soundcloud.com/thebayestation/alessandro-mazzola-orange-juice"
"2016/07/24 12:37:56 AM AST","Wish Man (Oliver Lindberg Bootleg)","https://soundcloud.com/oliver_lindberg/wish-man-oliver-lindberg-bootleg"
"2016/07/24 12:37:58 AM AST","Sweet & Sunny - Vol. 5 | Shaparder ","https://soundcloud.com/thedancingpineapple/sweet-sunny-vol-5-shaparder-lrx-exclusive-mix"
"2016/07/24 12:38:01 AM AST","Sam Tsui & Kurt Schneider | Dont You Worry Child Cover (Buegel ","https://soundcloud.com/latropical/sam-tsui-kurt-schneider-dont-you-worry-child-cover-buegel-brett-remix"
"2016/07/24 12:38:04 AM AST","Fade (Beatsession Remix) | Exclusive Free Download","https://soundcloud.com/thedancingpineapple/fade-beatsession-remix"
"2016/07/24 12:38:05 AM AST","Hawaiian Shirts & Pineapples Vol.3","https://soundcloud.com/tropicaljon/hawaiian-shirts-pineapples-vol3"
"2016/07/24 12:38:07 AM AST","Ella Henderson - Ghost (Jonny Motion Remix)FREE DOWNLOAD","https://soundcloud.com/jonnymotion/ella-henderson-ghost-jonny-motion-remix1"
"2016/07/24 12:38:08 AM AST","Sam Smith - Latch (Mezeh Remix)","https://soundcloud.com/mezeh/sam-smith-latch-mezeh-remix"
"2016/07/24 12:38:12 AM AST","The Who - Baba O'Riley (6ig angu5 Remix)","https://soundcloud.com/6igangu5/the-who-baba-oriley-6ig-angu5-remix-free-download"
"2016/07/24 12:38:17 AM AST","Jay Z & Linkin Park: Numb/Encore (N2N Remix)","https://soundcloud.com/n2nmusic/numb-encore-n2n-tropical-remix"
"2016/07/24 12:38:17 AM AST","SNBRN feat. Kerli - Raindrops (Leeyou & Danceey Remix)","https://soundcloud.com/leeyoudanceey/snbrn-feat-kerli-raindrops-leeyou-danceey-remix"
"2016/07/24 12:38:18 AM AST","Papnik - Sunbath","https://soundcloud.com/bare-chill/papnik-sunbath"
"2016/07/24 12:38:19 AM AST","Armin Van Buuren Ft. Trevor Guthrie - This Is What It Feels Like (Andie Roy Remix)","https://soundcloud.com/andieroy/armin-van-buuren-ft-trevor-guthrie-this-is-what-it-feels-like-andie-roy-remix-future-factory-premiere"
"2016/07/24 12:38:20 AM AST","Wiz Khalifa - See You Again Ft. Charlie Puth (PenThoX Remix)","https://soundcloud.com/major-vibes/wiz-khalifa-see-you-again-ft-charlie-puth-penthox-remix"
"2016/07/24 12:38:22 AM AST","Sterling Fox - Ghost (Mikah Remix)","https://soundcloud.com/greyson-chan/sterling-fox-ghost-mikah-remix-freedownload"
"2016/07/24 12:38:23 AM AST","Patrick Grayham - Fire (DFLV Remix)","https://soundcloud.com/dflv/patrick-grayham-fire-dflv-remix"
"2016/07/24 12:38:25 AM AST","The Notorious B.I.G - Everyday Struggle (James Carter & DFLV Remix)","https://soundcloud.com/bare-chill/exclusive-notorious-big-everyday-struggle-james-carter-dflv-remix"
"2016/07/24 12:38:26 AM AST","Outkast vs Kygo (HELLOWORLD MASHUP)","https://soundcloud.com/officialhelloworld/outkast-vs-kygo-helloworld-mashup"
"2016/07/24 12:38:28 AM AST","Drake ft. Kanye West, Lil Wayne, Eminem - Forever (Creo Remix) (Click buy for free DL)","https://soundcloud.com/creomusic/drake-ft-kanye-west-lil-wayne-eminem-forever-creo-remix"
"2016/07/24 12:38:31 AM AST","Calvin Harris - I Need Your Love Ft. Ellie Goulding (Henry Land Remix)","https://soundcloud.com/henry-land/calvin-harris-i-need-your-love-ft-ellie-goulding-henry-land-remix"
"2016/07/24 12:38:33 AM AST","Will Smith - Miami (Matoma Remix) [Full Song]","https://soundcloud.com/house-o-jack/will-smith-miami-matoma-remix-full-song"
"2016/07/24 12:38:39 AM AST","Melodic Sounds Presents: Felix Jaehn | Guest Mix [Free Download   Tracklist]","https://soundcloud.com/melodic-sounds/melodic-sounds-presents-felix-jaehn-guest-mix-free-download-tracklist"
"2016/07/24 12:38:42 AM AST","Ellie Goulding – Love Me Like You Do (Sandh Remix)","https://soundcloud.com/sandh-official/ellie-goulding-love-me-like-you-do-sandh-remix"
"2016/07/24 12:38:45 AM AST","Tropical Around The World X Le Boeuf (Denmark)","https://soundcloud.com/tipsytortoise/leboeuf"
"2016/07/24 12:38:46 AM AST","Snoop Dog & Wiz Khalifa - Young, Wild and Free Ft. Bruno Mars ","https://soundcloud.com/siloet/snoop-dog-wiz-khalifa-young"
"2016/07/24 12:38:48 AM AST","DeepTropicalHouse Mixtape By Dreyer Guesting Paxel","https://soundcloud.com/deeptropicalhouse/deeptropicalhouse-mixtape-by-dreyer-guesting-paxel"
"2016/07/24 12:38:49 AM AST","Soco - Summer Love Ft. Saxokid & Sweetmates (Original Mix)","https://soundcloud.com/oliverjack/summerlove"
"2016/07/24 12:38:50 AM AST","Diddy, Dirty Money Ft. Skylar Grey - Coming Home (Marc May Remix)","https://soundcloud.com/marcmaymusic/diddy-coming-home-ft-skylar-grey-marc-may-remix"
"2016/07/24 12:38:52 AM AST","Rawch - Chemistry (Prod. Phlex) | BUY = FREE DOWNLOAD","https://soundcloud.com/the-xo-xo/rawch-chemistry-prod-phlex-buy-free-download"
"2016/07/24 12:38:53 AM AST","Lisa Mitchell - Neopolitan Dreams (Bearded Villains Remix)","https://soundcloud.com/beardedvillains/lisa-mitchell-neopolitan-dreams-bearded-villains-remix"
"2016/07/24 12:39:00 AM AST","Nico & Vinz -That`s How You Know (Danley Edit)","https://soundcloud.com/danleyoffical/nico-vinz-thats-how-you-know-danley-remix"
"2016/07/24 12:39:00 AM AST","Ella Eyre - Together - Bortharm Remix","https://soundcloud.com/bortharmofficial/ella-eyre-together-bortharm-remix"
"2016/07/24 12:39:04 AM AST","Nikki Williams Glowing (Cazzette Radio Mix)","https://soundcloud.com/islanddefjam/nikki-williams-glowing"
"2016/07/24 12:39:07 AM AST","Zara Larsson - Uncover (Millesim Remix)","https://soundcloud.com/dj-jad-3/zara-larsson-uncover-j-art-madan"
"2016/07/24 12:39:08 AM AST","One Republic - Apologize (Mike Wit Remix) [PREMIERE]","https://soundcloud.com/auxlondon/one-republic-apologize-mike-wit-remix"
"2016/07/24 12:39:17 AM AST","Will Smith - Switch Vs. So Fresh (Nedu Remix)","https://soundcloud.com/nedumusic/will-smith-switch-vs-so-fresh-nedu-remix"
"2016/07/24 12:39:17 AM AST","Where Is The Love (Nedu Remix)","https://soundcloud.com/nedumusic/where-is-the-love-nedu-remix"
"2016/07/24 12:39:24 AM AST","Clean Bandit - Rather Be Feat. Jess Glynne (Joseph Westphal Edit)","https://soundcloud.com/josephwestphal/rather-be-feat-jess-glynne-1"
"2016/07/24 12:39:27 AM AST","Laura Veirs - July Flame (GAMPER & DADONI Remix)","https://soundcloud.com/mgmrecords/laura-veirs-july-flame-gamper"
"2016/07/24 12:39:44 AM AST","Kygo - Here For You (Ultra Music Festival Anthem ID)","https://soundcloud.com/blark1/kygo-id-ultra-music-festival-anthem"
"2016/07/24 12:39:45 AM AST","Dear Boy (Kygo)","https://soundcloud.com/reintjecroll47/dear-boy-kygo"
"2016/07/24 12:39:55 AM AST","Anna Graceman - Already Fallin (Ehrling Bootleg)","https://soundcloud.com/ehrling/anna-graceman-already-fallin-ehrling-bootleg"
"2016/07/24 12:39:57 AM AST","Don't Stop Believing (Sailors Remix)","https://soundcloud.com/sailorsofficial/journey-dont-stop-believing-sailors-remix"
"2016/07/24 12:39:59 AM AST","Marigot Bay (Original Mix) | Alessandro Mazzola","https://soundcloud.com/latropical/alessandro-mazolla-marigot-bay-original-mix"
"2016/07/24 12:40:04 AM AST","Stars - Dead Hearts (CS Remix)","https://soundcloud.com/christianschultz/stars-dead-hearts-cs-remix-1"
"2016/07/24 12:40:06 AM AST","Sensual Tape N°3 | Nedu","https://soundcloud.com/thesensualvibe/sensual-tape-n3-nedu"
"2016/07/24 12:40:08 AM AST","Robin Schulz feat. Ilsey - Headlights (The Him Remix)[Played On Tiësto's Club Life 424]","https://soundcloud.com/thehim/robin-schulz-headlights-the-him-remixx"
"2016/07/24 12:40:13 AM AST","Taylor Swift Feat. The Civil Wars - Safe & Sound (Marc May Remix)","https://soundcloud.com/marcmaymusic/taylor-swift-feat-the-civil-wars-safe-sound-marc-may-remix"
"2016/07/24 12:40:14 AM AST","Vance Joy - Riptide (Hella Remix)","https://soundcloud.com/hella_norway/hella-tropical"
"2016/07/24 12:40:14 AM AST","DFLV - Happy Voices (Original Mix)","https://soundcloud.com/dflv/dflv-happy-voices-original-mix"
"2016/07/24 12:40:15 AM AST","Zedd - Find You (F. Delaunay Remix) [Preview]","https://soundcloud.com/fdelaunay/zedd-find-you-f-delaunay-remix"
"2016/07/24 12:40:19 AM AST","XO (Oliver Lindberg Bootleg)","https://soundcloud.com/oliver_lindberg/xo-oliver-lindberg-bootleg"
"2016/07/24 12:40:20 AM AST","Bright Eyes - First Day Of My Life (Jesse Daniel Smith Cover)(Wylen Remix)","https://soundcloud.com/auxlondon/bright-eyes-first-day-of-my-life-jesse-daniel-smith-cover-wylen-remix"
"2016/07/24 12:40:23 AM AST","DFLV - A Good Day (Original Mix)","https://soundcloud.com/dflv/dflv-a-good-day"
"2016/07/24 12:40:27 AM AST","Broiler - Wild Eyes (Original Mix)","https://soundcloud.com/broilerofficial/broiler-wild-eyes-original-mix"
"2016/07/24 12:40:29 AM AST","Syn Cole - It's You (Broiler Remix)","https://soundcloud.com/broilerofficial/syn-cole-its-you-broiler-remix"
"2016/07/24 12:40:31 AM AST","Rihanna, Kanye West & Paul McCartney - Four Five Seconds (Hockenheim Remix)","https://soundcloud.com/hockenheimofficial/fourfivesecondsremix"
"2016/07/24 12:40:32 AM AST","Jordin Sparks - Battlefield (Nedu Mix)","https://soundcloud.com/nedumusic/battlefield-nedu-mix"
"2016/07/24 12:40:33 AM AST","MYNGA Feat. Cosmo Klein - Back Home (Matoma Remix)","https://soundcloud.com/matoma-official/mynga-back-home-matoma-remix"
"2016/07/24 12:40:34 AM AST","Truls - The Next (Matoma Remix)","https://soundcloud.com/matoma-official/the-next-matoma-remix"
"2016/07/24 12:40:36 AM AST","B.o.B., Owl City and Tupac - Smile For Airplanes And Fireflies (Nedu Serenity Mix)","https://soundcloud.com/nedumusic/smile-for-airplanes-and-fireflies-nedu-serenity-mix"
"2016/07/24 12:40:37 AM AST","#3. Mixtape: Henry Land x The Fine Sound","https://soundcloud.com/the-fine-sound/3-mixtape-henry-land-x-thefinesound"
"2016/07/24 12:40:38 AM AST","Maroon 5 ft. Wiz Khalifa - Payphone (Matoma Remix) [Free Download by MelodicSounds]","https://soundcloud.com/melodic-sounds/maroon-5-ft-wiz-khalifa-payphone-matoma-remix-free-download-by-melodicsounds"
"2016/07/24 12:40:40 AM AST","Lana Del Rey - Summertime Sadness (Paxel Remix)","https://soundcloud.com/paxelmusic/lana-del-rey-summertime-sadness-paxel-remix"
"2016/07/24 12:40:43 AM AST","Lana Del Ray - Summertime Sadness (Henry Land Remix)","https://soundcloud.com/henry-land/lana-del-ray-summertime"
"2016/07/24 12:40:46 AM AST","Enrique Iglesias - Bailando (English) Ft. Sean Paul - (Matoma Official Remix)","https://soundcloud.com/matoma-official/enrique-iglesias-bailando-english-ft-sean-paul-matoma-official-remix"
"2016/07/24 12:40:46 AM AST","Hedegaard - Happy Home (Matoma Official Remix)","https://soundcloud.com/matoma-official/hedegaard-happy-home-matoma-remix"
"2016/07/24 12:40:50 AM AST","Black Eyed Peas - Where Is The Love (LEEX Remix)","https://soundcloud.com/leex-music/black-eyed-peas-where-is-the-love-leex-remix"
"2016/07/24 12:40:53 AM AST","Jay Z - Roc Boys (Matoma Remix)","https://soundcloud.com/matoma-official/jay-z-roc-boys-matoma-remix"
"2016/07/24 12:40:56 AM AST","Eastside X Ed Sheeran X Chris Brown (Loyal X Don't) (Leo Gordy Remix)","https://soundcloud.com/leogordy/loyalxdontremix"
"2016/07/24 12:40:57 AM AST","Verses (Original Mix) [MelodicSounds Exclusive Premiere]","https://soundcloud.com/andieroy/verses-original-mix"
"2016/07/24 12:40:58 AM AST","Deep In The Tropics Chap. 2 X Andie Roy","https://soundcloud.com/tropikult/deepinthetropicsandieroy"
"2016/07/24 12:41:01 AM AST","Ariana Grande feat. The Weeknd - Love Me Harder (Alessandro Mazzola Remix) | Exclusive","https://soundcloud.com/thedancingpineapple/ariana-grande-feat-the-weeknd-love-me-harder-alessandro-mazzola-remix-exclusive-download"
"2016/07/24 12:41:02 AM AST","Deep In The Tropics Chap. 3 X Deep Chills","https://soundcloud.com/tropikult/deepinthetropicsdeepchills"
"2016/07/24 12:41:04 AM AST","Martin Garrix - Forbidden Voices (Alessandro Mazzola Remix)","https://soundcloud.com/itsalessandromazzola/martin-garrix-forbidden-voices-alessandro-mazzola-remix"
"2016/07/24 12:41:05 AM AST","Daddy DJ - Daddy DJ (Edeema Remix)","https://soundcloud.com/edeema/daddy-dj-daddy-dj-edeema-remix"
"2016/07/24 12:41:09 AM AST","Jiinio - Voices (Original Mix)[PREMIERE]","https://soundcloud.com/chill-nation/jiinio-voices-original-mixpremiere"
"2016/07/24 12:41:10 AM AST","Diviners Ft. Contacreast - Tropic Love","https://soundcloud.com/vibewithit/diviners-ft-contacreast-tropic-love"
"2016/07/24 12:41:13 AM AST","Benjamin Francis Leftwich - Shine (AxMod Remix)","https://soundcloud.com/dealerdemusique/benjamin-francis-leftwich"
"2016/07/24 12:41:18 AM AST","Sam & Dave - Hold On, I'm Coming (Kav Verhouzer ","https://soundcloud.com/kavverhouzer/sam-dave-hold-on-im-coming-kav"
"2016/07/24 12:41:27 AM AST","Sweet & Sunny - Vol. 2","https://soundcloud.com/thedancingpineapple/sweet-sunny-mixtape"
"2016/07/24 12:41:27 AM AST","Alessandro Mazzola X Tori Kelly - Lullaby","https://soundcloud.com/itsalessandromazzola/alessandro-mazzola-x-tori-kelly-lullaby"
"2016/07/24 12:41:28 AM AST","Jason Mraz - Im Yours (Andie Roy Remix)","https://soundcloud.com/andieroy/jason-mraz-im-yours-andie-roy-remix"
"2016/07/24 12:41:32 AM AST","Hawaiian Shirts And Pineapples","https://soundcloud.com/tropicaljon/hawaiian-shirts-and-pineapples"
"2016/07/24 12:41:38 AM AST","Sensual Tape N°1 | Henry Land","https://soundcloud.com/thesensualvibe/henry-land-mixtape"
"2016/07/24 12:41:38 AM AST","Mr. Probz - Nothing Really Matters (Boehm Remix)","https://soundcloud.com/boehmofficial/mr-probz-nothing-really-matters-boehm-remixfree-download"
"2016/07/24 12:41:40 AM AST","Owl City - Fireflies (Mezeh Remix)","https://soundcloud.com/mezeh/firefliesmezehremix"
"2016/07/24 12:41:42 AM AST","Taylor Swift - Riptide (Frisson Remix)","https://soundcloud.com/frissoneffect/taylor-swift-riptide-frisson-remix-1"
"2016/07/24 12:41:44 AM AST","JackEL - Take Me There Ft. Michael Rice (Edeema Remix)","https://soundcloud.com/edeema/jackel-take-me-there-ft-michael-rice-edeema-remix"
"2016/07/24 12:41:47 AM AST","Hedegaard - Happy Home (Matoma Official Remix)","https://soundcloud.com/charlesdock/hedegaard-happy-home-matoma-official-remix"
"2016/07/24 12:41:51 AM AST","Kanye West Feat Lupe Fiasco - Touch The Sky (CS Remix)","https://soundcloud.com/christianschultz/kanye-west-feat-lupe-fiasco-touch-the-sky-cs-remix"
"2016/07/24 12:41:53 AM AST","Marvin Gaye - Too Busy (Nativ Levy Remix) [Free Download by MelodicSounds]","https://soundcloud.com/melodic-sounds/martin-gaye-too-busy-nativ-levy-remix-free-download-by-melodicsounds-1"
"2016/07/24 12:41:57 AM AST","Clean Bandit - Rather Be (RENKO Remix)[Free Download by MelodicSounds]","https://soundcloud.com/melodic-sounds/clean-bandit-rather-be-renko-remixfree-download-by-melodicsounds"
"2016/07/24 12:41:59 AM AST","Boston - More Than A Feeling (Bergs Edit) [Free Download by MelodicSounds]","https://soundcloud.com/melodic-sounds/boston-more-than-a-feeling-bergs-edit-free-download-by-melodicsounds-1"
"2016/07/24 12:42:00 AM AST","Will Smith - Fresh Prince Of Bel Air (Le Boeuf Remix)","https://soundcloud.com/le_boeuf/will-smith-fresh-prince-of-bel-air-le-boeuf-remix"
"2016/07/24 12:42:01 AM AST","The Chainsmokers - Kanye (Evan Gartner Touch the Sky Remix)","https://soundcloud.com/evangartner/kanye-evan-gartner-touch-the-sky-remix"
"2016/07/24 12:42:02 AM AST","Andy Grammer - Honey I'm Good (6ig angu5 Remix)","https://soundcloud.com/6igangu5/honey-im-good-6ig-angu5-remix-free-download"
"2016/07/24 12:42:06 AM AST","Destiny - Time (Pegato Remix)","https://soundcloud.com/pegatomusic/destiny-time-pegato-remix"
"2016/07/24 12:42:06 AM AST","Henry Land & Samuel - Demons (Cover by Jasmine Thompson ","https://soundcloud.com/henry-land/henry-land-samuel-demons-cover-by-jasmine-thompson-hilman"
"2016/07/24 12:42:09 AM AST","Asher Roth - Fast Life (Matt DiMona Remix)","https://soundcloud.com/mattdimona/fast-life-matt-dimona-remix-asher-roth"
"2016/07/24 12:42:14 AM AST","Machineheart - Circles (Samuel Remix)","https://soundcloud.com/sambarrowclough/machineheart-circles-samuel-remix"
"2016/07/24 12:42:17 AM AST","Tristan Prettyman - Song For The Rich (Bearson Remix)","https://soundcloud.com/orgsmifrenchie/tristan-prettyman-song-for-the"
"2016/07/24 12:42:19 AM AST","Eva Simons - I Don't Like You (Kygo Remix)","https://soundcloud.com/thesensualvibe/eva-simons-i-dont-like-you-kygo-remix"
"2016/07/24 12:42:23 AM AST","Jack Johnson - Gone (Going) (Andie Roy Remix)","https://soundcloud.com/andieroy/jack-johnson-gone-going-andie-roy-remix"
"2016/07/24 12:42:25 AM AST","Milky Chance- Stolen Dance (N2N Remix)","https://soundcloud.com/n2nmusic/milky-chance-stolen-dance-n2n-tropical-remix-1"
"2016/07/24 12:42:27 AM AST","Fatboy Slim - Praise You (Mokoa & Mitchell Southam Remix)","https://soundcloud.com/mok0a/fatboy-slim-praise-you-mokoa-mitchell-southam-remix-1"
"2016/07/24 12:42:31 AM AST","Bob Marley - Redemption Song (RÆVE & Mokoa Ft. Jahson Cover)[Free Download by MelodicSounds]","https://soundcloud.com/melodic-sounds/bob-marley-redemption-song-raeve-mokoa-ft-jahson-coverfree-download-by-melodicsounds"
"2016/07/24 12:42:33 AM AST","Jason Mraz - Im Yours (Andie Roy Remix) [Free Download by MelodicSounds]","https://soundcloud.com/melodic-sounds/jason-mraz-im-yours-andie-roy-remix-free-download-by-melodicsounds"
"2016/07/24 12:42:34 AM AST","Akon - Be With You (Nedu Remix)","https://soundcloud.com/nedumusic/akon-be-with-you-nedu-remix"
"2016/07/24 12:42:36 AM AST","2Pac - Changes (Vijay & Sofia Zlatko, Kasùal Remix)","https://soundcloud.com/vijayandsofia/2-pac-changes-vijay-sofia-1"
"2016/07/24 12:42:37 AM AST","Still Ballin vs Soldier (Henry Land Remix)","https://soundcloud.com/henry-land/still-ballin-vs-soldier-henry-land-remix"
"2016/07/24 12:42:39 AM AST","Galantis - Runaway (Henry Land Remix)","https://soundcloud.com/henry-land/galantis-runaway-henry-land-remix"
"2016/07/24 12:42:40 AM AST","Kygo Vs Adele - Here For You Rolling (Nordh Mashup)","https://soundcloud.com/djnordh/kygo-vs-adele-rolling-in-ultra-nordh-mashup"
"2016/07/24 12:42:41 AM AST","Mattafix - Big City Life (Sam Jonsson Remix)","https://soundcloud.com/samjonsson/mattafix-big-city-life-sam-jonsson-remix"
"2016/07/24 12:42:43 AM AST","Asher Roth - I Love College (Nedu Mix)","https://soundcloud.com/nedumusic/i-love-college-nedu-mix"
"2016/07/24 12:42:44 AM AST","Wiz Khalifa - No Sleep (Nedu Mix)","https://soundcloud.com/nedumusic/no-sleep-nedu-mix"
"2016/07/24 12:42:44 AM AST","Matisyahu -Live Like A Warrior (Dusta Remix)","https://soundcloud.com/dustamusic/matisyahu-like-a-warrior-dusta-remix"
"2016/07/24 12:42:45 AM AST","Marvin Gaye - Lets get it on ( Pontus Ferdinand Bootleg ) DEMO","https://soundcloud.com/pontusferdinand/marvin-gaye-lets-get-it-on-pontus-ferdinand-bootleg-demo"
"2016/07/24 12:42:46 AM AST","Kygo In Da Club feat. Notorious B.I.G.","https://soundcloud.com/callum-waters-lad/kygo-in-da-club-feat-notorious-big"
"2016/07/24 12:42:49 AM AST","Lana Del Ray - Summertime Sadness (Zachary Corbett Tropical House Remix)","https://soundcloud.com/zacharycorbett/lana-del-ray-summertime-sadness-zachary-corbett-tropical-house-remix"
"2016/07/24 12:42:50 AM AST","Shaggy - It Wasn´t Me (LosGarcia  ""Tropical Sunset""  Remix)","https://soundcloud.com/losgarcia_official/shaggy-it-wasnt-me-losgarcia-tropical-sunset-remix-1"
"2016/07/24 12:42:51 AM AST","Kanye West - Good Life (CS &amp; Miskeyz Remix)","https://soundcloud.com/deephousepineappleexpress/kanye-west-good-life-cs-amp"
"2016/07/24 12:42:51 AM AST","Sean Kingston - Beautiful Girls (Andie Roy X Suntimechild Remix)","https://soundcloud.com/andieroy/beautiful-girls-andie-roy-x-suntimechild-remix"
"2016/07/24 12:42:52 AM AST","Jay Z - Roc Boys (Matoma Remix)","https://soundcloud.com/orgsmifrenchie/jay-z-roc-boys-matoma-remix"
"2016/07/24 12:42:54 AM AST","Jason Mraz - I'm Yours (Leo Gordy Remix)","https://soundcloud.com/leogordy/imyoursremix"
"2016/07/24 12:42:54 AM AST","Kanye West Feat Lupe Fiasco - Touch The Sky (Edeema Remix)","https://soundcloud.com/edeema/kanye-west-feat-lupe-fiasco-touch-the-sky-edeema-remix"
"2016/07/24 12:42:55 AM AST","Tupac vs. Notorious B.I.G - Hold On Be Strong Vs. Big Poppa (Matoma Remix) [Free Download by MS]","https://soundcloud.com/melodic-sounds/tupac-vs-notorious-big-hold-on-be-strong-vs-big-poppa-matoma-remix-free-download-by-ms"
"2016/07/24 12:42:56 AM AST","The Police, Diddy & Notorious BIG- Every Breath Mo' Victory (N2N ","https://soundcloud.com/n2nmusic/every-breath-mo-victory"
"2016/07/24 12:42:57 AM AST","Tropical Adventures Vol.1 (KnackForTracks.com Guest Mix)","https://soundcloud.com/boehmofficial/tropical-adventures-vol1-knackfortrackscom-guest-mix"
"2016/07/24 12:43:04 AM AST","Bear's Den - Above The Clouds Of Pompeii (Oliver Lindberg Remix) [PREMIERE]","https://soundcloud.com/auxlondon/bears-den-above-the-clouds-of-pompeii-oliver-lindberg-remix-premiere"
"2016/07/24 12:43:05 AM AST","Five For Fighting - Superman (Mar10n Edit)","https://soundcloud.com/mar10ndk/five-for-fighting-superman-mar10n-edit"
"2016/07/24 12:43:10 AM AST","Sky In Hawaii","https://soundcloud.com/romeonmusic/sky-in-hawaii"
"2016/07/24 12:43:11 AM AST","Andy Grammer | Honey I'm Good (Devyne Remix)","https://soundcloud.com/latropical/andy-grammer-honey-im-good-devyne-remix"
"2016/07/24 12:43:13 AM AST","Ryos Feat. Allisa Rose - Eclipse (MKJ Remix)","https://soundcloud.com/mkjaff/ryos-feat-allisa-rose-eclipse-mkj-remix"
"2016/07/24 12:43:14 AM AST","High feat. Lauran Beluzo (Wylen Original)","https://soundcloud.com/wylen-1/high-wylen-lauran-beluzo"
"2016/07/24 12:43:18 AM AST","Mr Put It Down - RaasMasters (Tropical House Remix)","https://soundcloud.com/raasmasters/mr-put-it-down-master-raas-masters-tropical-house-remix-120bpm"
"2016/07/24 12:43:19 AM AST","DFLV & Björn - The One I Want To Hold (ft. Mary Schwegman)","https://soundcloud.com/dflv/dflv-bjorn-the-one-i-want-to-hold-ft-mary-schwegman"
"2016/07/24 12:43:20 AM AST","The Killers - Human (Basé Remix)","https://soundcloud.com/baseemusic/the-killers-human-base-remix"
"2016/07/24 12:43:21 AM AST","Abigail feat. Toy Armada & DJ GRIND - Let the Joy Rise (Andie Roy Tropical Remix)","https://soundcloud.com/andieroy/abigail-feat-toy-armada-dj-grind-let-the-joy-rise-andie-roy-tropical-remix"
"2016/07/24 12:43:25 AM AST","The National- About Today (Kozai Remix) [FREE DOWNLOAD]","https://soundcloud.com/kozai/the-national-about-today-kozai-remix"
"2016/07/24 12:43:26 AM AST","Maoha & Pirvax - Waiting for You (Original Mix)","https://soundcloud.com/maoha/maoha-pirvax-waiting-for-you-original-mix"
